{
  "a": -0.002747118263388241,
  "b": 0.9982011711748784,
  "c": -8.184907154598154e-05,
  "d": 0.05989047092048102,
  "frame_w": 2560,
  "frame_h": 1440
}